Jornada,Local,Goles Local,Goles Visita,Visita,Jugado
1,REAL SOCIEDAD,0,0,LOS FELIX,False
1,LOS DEFENSORES,0,0,AXOMA,False
1,LA CARIDAD FC,0,0,HOSPITAL MILITAR-SEDENA,False
1,ORGULLOSAMENTE TERCOS,0,0,ARBITROS ZONA NORTE,False
1,CUERVOS FC - AXOMA,0,0,ACADEMIA TOROS,False
1,CLUB GRIEGOS ISJ,0,0,CENTRO DE FORMACION DEL CLUB AMERICA HERMOSILLO,False
1,PIRATITAS DEL SAHUARO FC,0,0,ELECTRICA FLORES BRAVOS HERMOSILLO,False
1,TELETONES,0,0,MASTER FC JUAREZ,False
2,AXOMA,0,0,REAL SOCIEDAD,False
2,HOSPITAL MILITAR-SEDENA,0,0,LOS FELIX,False
2,ARBITROS ZONA NORTE,0,0,LOS DEFENSORES,False
2,ACADEMIA TOROS,0,0,LA CARIDAD FC,False
2,CENTRO DE FORMACION DEL CLUB AMERICA HERMOSILLO,0,0,ORGULLOSAMENTE TERCOS,False
2,ELECTRICA FLORES BRAVOS HERMOSILLO,0,0,CUERVOS FC - AXOMA,False
2,MASTER FC JUAREZ,0,0,CLUB GRIEGOS ISJ,False
2,TELETONES,0,0,PIRATITAS DEL SAHUARO FC,False
3,REAL SOCIEDAD,0,0,HOSPITAL MILITAR-SEDENA,False
3,AXOMA,0,0,ARBITROS ZONA NORTE,False
3,LOS FELIX,0,0,ACADEMIA TOROS,False
3,LOS DEFENSORES,0,0,CENTRO DE FORMACION DEL CLUB AMERICA HERMOSILLO,False
3,LA CARIDAD FC,0,0,ELECTRICA FLORES BRAVOS HERMOSILLO,False
3,ORGULLOSAMENTE TERCOS,0,0,MASTER FC JUAREZ,False
3,CUERVOS FC - AXOMA,0,0,TELETONES,False
3,CLUB GRIEGOS ISJ,0,0,PIRATITAS DEL SAHUARO FC,False
4,ARBITROS ZONA NORTE,0,0,REAL SOCIEDAD,False
4,ACADEMIA TOROS,0,0,HOSPITAL MILITAR-SEDENA,False
4,CENTRO DE FORMACION DEL CLUB AMERICA HERMOSILLO,0,0,AXOMA,False
4,ELECTRICA FLORES BRAVOS HERMOSILLO,0,0,LOS FELIX,False
4,MASTER FC JUAREZ,0,0,LOS DEFENSORES,False
4,TELETONES,0,0,LA CARIDAD FC,False
4,PIRATITAS DEL SAHUARO FC,0,0,ORGULLOSAMENTE TERCOS,False
4,CLUB GRIEGOS ISJ,0,0,CUERVOS FC - AXOMA,False
5,REAL SOCIEDAD,0,0,ACADEMIA TOROS,False
5,ARBITROS ZONA NORTE,0,0,CENTRO DE FORMACION DEL CLUB AMERICA HERMOSILLO,False
5,HOSPITAL MILITAR-SEDENA,0,0,ELECTRICA FLORES BRAVOS HERMOSILLO,False
5,AXOMA,0,0,MASTER FC JUAREZ,False
5,LOS FELIX,0,0,TELETONES,False
5,LOS DEFENSORES,0,0,PIRATITAS DEL SAHUARO FC,False
5,LA CARIDAD FC,0,0,CLUB GRIEGOS ISJ,False
5,ORGULLOSAMENTE TERCOS,0,0,CUERVOS FC - AXOMA,False
6,CENTRO DE FORMACION DEL CLUB AMERICA HERMOSILLO,0,0,REAL SOCIEDAD,False
6,ELECTRICA FLORES BRAVOS HERMOSILLO,0,0,ACADEMIA TOROS,False
6,MASTER FC JUAREZ,0,0,ARBITROS ZONA NORTE,False
6,TELETONES,0,0,HOSPITAL MILITAR-SEDENA,False
6,PIRATITAS DEL SAHUARO FC,0,0,AXOMA,False
6,CLUB GRIEGOS ISJ,0,0,LOS FELIX,False
6,CUERVOS FC - AXOMA,0,0,LOS DEFENSORES,False
6,ORGULLOSAMENTE TERCOS,0,0,LA CARIDAD FC,False
7,REAL SOCIEDAD,0,0,ELECTRICA FLORES BRAVOS HERMOSILLO,False
7,CENTRO DE FORMACION DEL CLUB AMERICA HERMOSILLO,0,0,MASTER FC JUAREZ,False
7,ACADEMIA TOROS,0,0,TELETONES,False
7,ARBITROS ZONA NORTE,0,0,PIRATITAS DEL SAHUARO FC,False
7,HOSPITAL MILITAR-SEDENA,0,0,CLUB GRIEGOS ISJ,False
7,AXOMA,0,0,CUERVOS FC - AXOMA,False
7,LOS FELIX,0,0,ORGULLOSAMENTE TERCOS,False
7,LOS DEFENSORES,0,0,LA CARIDAD FC,False
8,MASTER FC JUAREZ,0,0,REAL SOCIEDAD,False
8,TELETONES,0,0,ELECTRICA FLORES BRAVOS HERMOSILLO,False
8,PIRATITAS DEL SAHUARO FC,0,0,CENTRO DE FORMACION DEL CLUB AMERICA HERMOSILLO,False
8,CLUB GRIEGOS ISJ,0,0,ACADEMIA TOROS,False
8,CUERVOS FC - AXOMA,0,0,ARBITROS ZONA NORTE,False
8,ORGULLOSAMENTE TERCOS,0,0,HOSPITAL MILITAR-SEDENA,False
8,LA CARIDAD FC,0,0,AXOMA,False
8,LOS DEFENSORES,0,0,LOS FELIX,False
9,REAL SOCIEDAD,0,0,TELETONES,False
9,MASTER FC JUAREZ,0,0,PIRATITAS DEL SAHUARO FC,False
9,ELECTRICA FLORES BRAVOS HERMOSILLO,0,0,CLUB GRIEGOS ISJ,False
9,CENTRO DE FORMACION DEL CLUB AMERICA HERMOSILLO,0,0,CUERVOS FC - AXOMA,False
9,ACADEMIA TOROS,0,0,ORGULLOSAMENTE TERCOS,False
9,ARBITROS ZONA NORTE,0,0,LA CARIDAD FC,False
9,HOSPITAL MILITAR-SEDENA,0,0,LOS DEFENSORES,False
9,AXOMA,0,0,LOS FELIX,False
10,PIRATITAS DEL SAHUARO FC,0,0,REAL SOCIEDAD,False
10,CLUB GRIEGOS ISJ,0,0,TELETONES,False
10,CUERVOS FC - AXOMA,0,0,MASTER FC JUAREZ,False
10,ORGULLOSAMENTE TERCOS,0,0,ELECTRICA FLORES BRAVOS HERMOSILLO,False
10,LA CARIDAD FC,0,0,CENTRO DE FORMACION DEL CLUB AMERICA HERMOSILLO,False
10,LOS DEFENSORES,0,0,ACADEMIA TOROS,False
10,LOS FELIX,0,0,ARBITROS ZONA NORTE,False
10,AXOMA,0,0,HOSPITAL MILITAR-SEDENA,False
11,REAL SOCIEDAD,0,0,CLUB GRIEGOS ISJ,False
11,PIRATITAS DEL SAHUARO FC,0,0,CUERVOS FC - AXOMA,False
11,TELETONES,0,0,ORGULLOSAMENTE TERCOS,False
11,MASTER FC JUAREZ,0,0,LA CARIDAD FC,False
11,ELECTRICA FLORES BRAVOS HERMOSILLO,0,0,LOS DEFENSORES,False
11,CENTRO DE FORMACION DEL CLUB AMERICA HERMOSILLO,0,0,LOS FELIX,False
11,ACADEMIA TOROS,0,0,AXOMA,False
11,ARBITROS ZONA NORTE,0,0,HOSPITAL MILITAR-SEDENA,False
12,CUERVOS FC - AXOMA,0,0,REAL SOCIEDAD,False
12,ORGULLOSAMENTE TERCOS,0,0,CLUB GRIEGOS ISJ,False
12,LA CARIDAD FC,0,0,PIRATITAS DEL SAHUARO FC,False
12,LOS DEFENSORES,0,0,TELETONES,False
12,LOS FELIX,0,0,MASTER FC JUAREZ,False
12,AXOMA,0,0,ELECTRICA FLORES BRAVOS HERMOSILLO,False
12,HOSPITAL MILITAR-SEDENA,0,0,CENTRO DE FORMACION DEL CLUB AMERICA HERMOSILLO,False
12,ARBITROS ZONA NORTE,0,0,ACADEMIA TOROS,False
13,REAL SOCIEDAD,0,0,ORGULLOSAMENTE TERCOS,False
13,CUERVOS FC - AXOMA,0,0,LA CARIDAD FC,False
13,CLUB GRIEGOS ISJ,0,0,LOS DEFENSORES,False
13,PIRATITAS DEL SAHUARO FC,0,0,LOS FELIX,False
13,TELETONES,0,0,AXOMA,False
13,MASTER FC JUAREZ,0,0,HOSPITAL MILITAR-SEDENA,False
13,ELECTRICA FLORES BRAVOS HERMOSILLO,0,0,ARBITROS ZONA NORTE,False
13,CENTRO DE FORMACION DEL CLUB AMERICA HERMOSILLO,0,0,ACADEMIA TOROS,False
14,LA CARIDAD FC,0,0,REAL SOCIEDAD,False
14,LOS DEFENSORES,0,0,ORGULLOSAMENTE TERCOS,False
14,LOS FELIX,0,0,CUERVOS FC - AXOMA,False
14,AXOMA,0,0,CLUB GRIEGOS ISJ,False
14,HOSPITAL MILITAR-SEDENA,0,0,PIRATITAS DEL SAHUARO FC,False
14,ARBITROS ZONA NORTE,0,0,TELETONES,False
14,ACADEMIA TOROS,0,0,MASTER FC JUAREZ,False
14,CENTRO DE FORMACION DEL CLUB AMERICA HERMOSILLO,0,0,ELECTRICA FLORES BRAVOS HERMOSILLO,False
15,REAL SOCIEDAD,0,0,LOS DEFENSORES,False
15,LA CARIDAD FC,0,0,LOS FELIX,False
15,ORGULLOSAMENTE TERCOS,0,0,AXOMA,False
15,CUERVOS FC - AXOMA,0,0,HOSPITAL MILITAR-SEDENA,False
15,CLUB GRIEGOS ISJ,0,0,ARBITROS ZONA NORTE,False
15,PIRATITAS DEL SAHUARO FC,0,0,ACADEMIA TOROS,False
15,TELETONES,0,0,CENTRO DE FORMACION DEL CLUB AMERICA HERMOSILLO,False
15,MASTER FC JUAREZ,0,0,ELECTRICA FLORES BRAVOS HERMOSILLO,False
